<?xml version="1.0" encoding="UTF-8"?>
<project-private xmlns="http://www.netbeans.org/ns/project-private/1">
    <editor-bookmarks xmlns="http://www.netbeans.org/ns/editor-bookmarks/2" lastBookmarkId="0"/>
    <open-files xmlns="http://www.netbeans.org/ns/projectui-open-files/2">
        <group>
            <file>file:/Users/padillatom/Desktop/Polotic/TP%201/padilla_tomas_tpo1/src/Logica/Main.java</file>
            <file>file:/Users/padillatom/Desktop/Polotic/TP%201/padilla_tomas_tpo1/src/IGU/InterfazPrincipal.java</file>
        </group>
    </open-files>
</project-private>
