<?xml version="1.0" encoding="UTF-8"?>
<project-private xmlns="http://www.netbeans.org/ns/project-private/1">
    <editor-bookmarks xmlns="http://www.netbeans.org/ns/editor-bookmarks/2" lastBookmarkId="0"/>
    <open-files xmlns="http://www.netbeans.org/ns/projectui-open-files/2">
        <group>
            <file>file:/Users/padillatom/Desktop/padilla_tomas_tpo2/src/Logica/Cliente.java</file>
            <file>file:/Users/padillatom/Desktop/padilla_tomas_tpo2/src/Logica/Padilla_tomas_tpo2.java</file>
            <file>file:/Users/padillatom/Desktop/padilla_tomas_tpo2/src/IGU/PantallaCarga.java</file>
            <file>file:/Users/padillatom/Desktop/padilla_tomas_tpo2/src/Logica/ControladoraCliente.java</file>
            <file>file:/Users/padillatom/Desktop/padilla_tomas_tpo2/src/Persistencia/ControladoraPersistencia.java</file>
        </group>
    </open-files>
</project-private>
